Handle,Title,Body (HTML),Vendor,Standardized Product Type,Custom Product Type,Tags,Published,Option1 Name,Option1 Value,Option2 Name,Option2 Value,Option3 Name,Option3 Value,Variant SKU,Variant Grams,Variant Inventory Tracker,Variant Inventory Qty,Variant Inventory Policy,Variant Fulfillment Service,Variant Price,Variant Compare At Price,Variant Requires Shipping,Variant Taxable,Variant Barcode,Image Src,Image Position,Image Alt Text,Gift Card,SEO Title,SEO Description,Google Shopping / Google Product Category,Google Shopping / Gender,Google Shopping / Age Group,Google Shopping / MPN,Google Shopping / AdWords Grouping,Google Shopping / AdWords Labels,Google Shopping / Condition,Google Shopping / Custom Product,Google Shopping / Custom Label 0,Google Shopping / Custom Label 1,Google Shopping / Custom Label 2,Google Shopping / Custom Label 3,Google Shopping / Custom Label 4,Variant Image,Variant Weight Unit,Variant Tax Code,Cost per item,Status
beautiful-in-white,Skiing Card,"<p>Relax! It's your Birthday is a card for a lovely lady that needs to relax on her birthday. My cards are printed on a textured rough paper and the designs look matt. No shine here at all. I think this makes the designs look more authentic and hand finished. The rough feel to this paper makes it very organic both to the touch and the eye. Details: - Single folded greeting card, 105 x 148mm (A6) - Blank inside for your own personal message - Printed on luxurious, thick (300gsm), textured FSC4 paper - Includes Kraft 100% recycled envelope and a plastic sleeve - Ships in a durable, bend-free envelope</p>
<br>
<div class=""row"">
<div class=""col-xl-5 col-lg-5 col-md-6 col-sm-12 col-12"">
<img data-ll-status=""loaded"" height=""315"" width=""458"" alt="""" src=""https://cdn.shopify.com/s/files/1/0610/3744/5313/files/pro_img.jpg?v=1645201773"" class=""alignnone size-full wp-image-12104 lazyloaded"" loading=""lazy""><noscript><img loading=""lazy"" class=""alignnone size-full wp-image-12104"" src=""https://cdn.shopify.com/s/files/1/0610/3744/5313/files/pro_img.jpg?v=1645201773"" alt="""" width=""458"" height=""315""></noscript>
</div>
<div class=""col-xl-7 col-lg-7 col-md-6 col-sm-12 col-12"">
<h2>BRAND</h2>
<p>Sending you Love Palentine. A nice alternative Valentines card to a lovely friend x

My cards are printed on a textured rough to the feel paper and the designs look matt. No shine here at all. The rough feel to this paper makes it very organic both to the touch and the eye. The coarse finish produces a pleasing finish that is highly tactile.We are the Perfect Match card.

My cards are printed on a textured rough paper and the designs look matt. No shine here at all. I think this makes the design look more authentic and hand finished.</p>
</div>
</div>
<br>
<div class=""row"">
<div class=""col-xl-4 col-lg-4 col-md-4 col-sm-12 col-12 mb-4"">
<h2>PRODUCT DETAILS</h2>
<ul>
<li>You show me what is deep as sea</li>
<li>Crew neck</li>
<li>Short sleeves</li>
<li>Large logo print to chest</li>
<li>Regular fit</li>
<li>True size</li>
</ul>
</div>
<div class=""col-xl-4 col-lg-4 col-md-4 col-sm-12 col-12 mb-4"">
<h2>SIZE &amp; FIT</h2>
<ul>
<li>Single folded greeting card, 105 x 148mm (A6)</li>
<li>Blank inside for your own personal message</li>
</ul>
</div>
<div class=""col-xl-4 col-lg-4 col-md-4 col-sm-12 col-12 mb-4"">
<h2>ABOUT ME</h2>
<ul>
<li>Soft, breathable jersey</li>
<li>Ships in a durable, bend-free envelope</li>
<li>Includes Kraft 100% recycled envelope and a plastic sleeve</li>
</ul>
</div>
</div>",Pokens,,,"$100 - $200, Pink, Yellow",true,Color,Pink,,,,,Z123-4,0.0,,50,deny,manual,2.00,,true,true,"",https://cdn.shopify.com/s/files/1/0610/3744/5313/products/1.1.jpg?v=1644909455,1,,false,,,,,,,,,,,,,,,,https://cdn.shopify.com/s/files/1/0610/3744/5313/products/1.1.jpg?v=1644909455,kg,,,active
beautiful-in-white,,,,,,,,,Yellow,,,,,Z123-5,0.0,,50,deny,manual,2.00,,true,true,"",https://cdn.shopify.com/s/files/1/0610/3744/5313/products/1.2.jpg?v=1644909455,2,,,,,,,,,,,,,,,,,,https://cdn.shopify.com/s/files/1/0610/3744/5313/products/1.2.jpg?v=1644909455,kg,,,
beautiful-in-white,,,,,,,,,,,,,,,,,,,,,,,,,https://cdn.shopify.com/s/files/1/0610/3744/5313/products/1.3.jpg?v=1644909455,3,,,,,,,,,,,,,,,,,,,,,,
beautiful-in-white,,,,,,,,,,,,,,,,,,,,,,,,,https://cdn.shopify.com/s/files/1/0610/3744/5313/products/1.4.jpg?v=1644909455,4,,,,,,,,,,,,,,,,,,,,,,
beautiful-in-white-1,Happy Christmas,"<p>Relax! It's your Birthday is a card for a lovely lady that needs to relax on her birthday. My cards are printed on a textured rough paper and the designs look matt. No shine here at all. I think this makes the designs look more authentic and hand finished. The rough feel to this paper makes it very organic both to the touch and the eye. Details: - Single folded greeting card, 105 x 148mm (A6) - Blank inside for your own personal message - Printed on luxurious, thick (300gsm), textured FSC4 paper - Includes Kraft 100% recycled envelope and a plastic sleeve - Ships in a durable, bend-free envelope</p>
<br>
<div class=""row"">
<div class=""col-xl-5 col-lg-5 col-md-6 col-sm-12 col-12"">
<img data-ll-status=""loaded"" height=""315"" width=""458"" alt="""" src=""https://cdn.shopify.com/s/files/1/0610/3744/5313/files/pro_img.jpg?v=1645201773"" class=""alignnone size-full wp-image-12104 lazyloaded"" loading=""lazy""><noscript><img loading=""lazy"" class=""alignnone size-full wp-image-12104"" src=""https://cdn.shopify.com/s/files/1/0610/3744/5313/files/pro_img.jpg?v=1645201773"" alt="""" width=""458"" height=""315""></noscript>
</div>
<div class=""col-xl-7 col-lg-7 col-md-6 col-sm-12 col-12"">
<h2>BRAND</h2>
<p>Sending you Love Palentine. A nice alternative Valentines card to a lovely friend x

My cards are printed on a textured rough to the feel paper and the designs look matt. No shine here at all. The rough feel to this paper makes it very organic both to the touch and the eye. The coarse finish produces a pleasing finish that is highly tactile.We are the Perfect Match card.

My cards are printed on a textured rough paper and the designs look matt. No shine here at all. I think this makes the design look more authentic and hand finished.</p>
</div>
</div>
<br>
<div class=""row"">
<div class=""col-xl-4 col-lg-4 col-md-4 col-sm-12 col-12 mb-4"">
<h2>PRODUCT DETAILS</h2>
<ul>
<li>You show me what is deep as sea</li>
<li>Crew neck</li>
<li>Short sleeves</li>
<li>Large logo print to chest</li>
<li>Regular fit</li>
<li>True size</li>
</ul>
</div>
<div class=""col-xl-4 col-lg-4 col-md-4 col-sm-12 col-12 mb-4"">
<h2>SIZE &amp; FIT</h2>
<ul>
<li>Single folded greeting card, 105 x 148mm (A6)</li>
<li>Blank inside for your own personal message</li>
</ul>
</div>
<div class=""col-xl-4 col-lg-4 col-md-4 col-sm-12 col-12 mb-4"">
<h2>ABOUT ME</h2>
<ul>
<li>Soft, breathable jersey</li>
<li>Ships in a durable, bend-free envelope</li>
<li>Includes Kraft 100% recycled envelope and a plastic sleeve</li>
</ul>
</div>
</div>",Pokens,,,"$10 - $20, XXL",true,Size,XXL,,,,,Z100-9,0.0,,46,deny,manual,3.00,4.00,true,true,"",https://cdn.shopify.com/s/files/1/0610/3744/5313/products/2.1.jpg?v=1644909483,1,,false,,,,,,,,,,,,,,,,https://cdn.shopify.com/s/files/1/0610/3744/5313/products/2.1.jpg?v=1644909483,kg,,,active
beautiful-in-white-1,,,,,,,,,,,,,,,,,,,,,,,,,https://cdn.shopify.com/s/files/1/0610/3744/5313/products/2.2.jpg?v=1644909483,2,,,,,,,,,,,,,,,,,,,,,,
beautiful-in-white-1,,,,,,,,,,,,,,,,,,,,,,,,,https://cdn.shopify.com/s/files/1/0610/3744/5313/products/2.3.jpg?v=1644909483,3,,,,,,,,,,,,,,,,,,,,,,
beautiful-in-white-1,,,,,,,,,,,,,,,,,,,,,,,,,https://cdn.shopify.com/s/files/1/0610/3744/5313/products/2.4.jpg?v=1644909484,4,,,,,,,,,,,,,,,,,,,,,,
diary-of-a-wimpy-kid,Favourite Card,"<p>Relax! It's your Birthday is a card for a lovely lady that needs to relax on her birthday. My cards are printed on a textured rough paper and the designs look matt. No shine here at all. I think this makes the designs look more authentic and hand finished. The rough feel to this paper makes it very organic both to the touch and the eye. Details: - Single folded greeting card, 105 x 148mm (A6) - Blank inside for your own personal message - Printed on luxurious, thick (300gsm), textured FSC4 paper - Includes Kraft 100% recycled envelope and a plastic sleeve - Ships in a durable, bend-free envelope</p>
<br>
<div class=""row"">
<div class=""col-xl-5 col-lg-5 col-md-6 col-sm-12 col-12"">
<img data-ll-status=""loaded"" height=""315"" width=""458"" alt="""" src=""https://cdn.shopify.com/s/files/1/0610/3744/5313/files/pro_img.jpg?v=1645201773"" class=""alignnone size-full wp-image-12104 lazyloaded"" loading=""lazy""><noscript><img loading=""lazy"" class=""alignnone size-full wp-image-12104"" src=""https://cdn.shopify.com/s/files/1/0610/3744/5313/files/pro_img.jpg?v=1645201773"" alt="""" width=""458"" height=""315""></noscript>
</div>
<div class=""col-xl-7 col-lg-7 col-md-6 col-sm-12 col-12"">
<h2>BRAND</h2>
<p>Sending you Love Palentine. A nice alternative Valentines card to a lovely friend x

My cards are printed on a textured rough to the feel paper and the designs look matt. No shine here at all. The rough feel to this paper makes it very organic both to the touch and the eye. The coarse finish produces a pleasing finish that is highly tactile.We are the Perfect Match card.

My cards are printed on a textured rough paper and the designs look matt. No shine here at all. I think this makes the design look more authentic and hand finished.</p>
</div>
</div>
<br>
<div class=""row"">
<div class=""col-xl-4 col-lg-4 col-md-4 col-sm-12 col-12 mb-4"">
<h2>PRODUCT DETAILS</h2>
<ul>
<li>You show me what is deep as sea</li>
<li>Crew neck</li>
<li>Short sleeves</li>
<li>Large logo print to chest</li>
<li>Regular fit</li>
<li>True size</li>
</ul>
</div>
<div class=""col-xl-4 col-lg-4 col-md-4 col-sm-12 col-12 mb-4"">
<h2>SIZE &amp; FIT</h2>
<ul>
<li>Single folded greeting card, 105 x 148mm (A6)</li>
<li>Blank inside for your own personal message</li>
</ul>
</div>
<div class=""col-xl-4 col-lg-4 col-md-4 col-sm-12 col-12 mb-4"">
<h2>ABOUT ME</h2>
<ul>
<li>Soft, breathable jersey</li>
<li>Ships in a durable, bend-free envelope</li>
<li>Includes Kraft 100% recycled envelope and a plastic sleeve</li>
</ul>
</div>
</div>",Pokens,,,"L, Red, XL",true,Size,L,Color,Red,,,Z1009-1,0.0,,42,deny,manual,5.00,,true,true,"",https://cdn.shopify.com/s/files/1/0610/3744/5313/products/3.1.jpg?v=1644909508,1,,false,,,,,,,,,,,,,,,,https://cdn.shopify.com/s/files/1/0610/3744/5313/products/3.1.jpg?v=1644909508,kg,,,active
diary-of-a-wimpy-kid,,,,,,,,,XL,,Red,,,Z1009-2,0.0,,40,deny,manual,5.00,,true,true,"",https://cdn.shopify.com/s/files/1/0610/3744/5313/products/3.2.jpg?v=1644909508,2,,,,,,,,,,,,,,,,,,https://cdn.shopify.com/s/files/1/0610/3744/5313/products/3.1.jpg?v=1644909508,kg,,,
diary-of-a-wimpy-kid,,,,,,,,,,,,,,,,,,,,,,,,,https://cdn.shopify.com/s/files/1/0610/3744/5313/products/3.3.jpg?v=1644909508,3,,,,,,,,,,,,,,,,,,,,,,
diary-of-a-wimpy-kid,,,,,,,,,,,,,,,,,,,,,,,,,https://cdn.shopify.com/s/files/1/0610/3744/5313/products/3.4.jpg?v=1644909508,4,,,,,,,,,,,,,,,,,,,,,,
give-me-a-reason,Head Over Heels,"<p>Relax! It's your Birthday is a card for a lovely lady that needs to relax on her birthday. My cards are printed on a textured rough paper and the designs look matt. No shine here at all. I think this makes the designs look more authentic and hand finished. The rough feel to this paper makes it very organic both to the touch and the eye. Details: - Single folded greeting card, 105 x 148mm (A6) - Blank inside for your own personal message - Printed on luxurious, thick (300gsm), textured FSC4 paper - Includes Kraft 100% recycled envelope and a plastic sleeve - Ships in a durable, bend-free envelope</p>
<br>
<div class=""row"">
<div class=""col-xl-5 col-lg-5 col-md-6 col-sm-12 col-12"">
<img data-ll-status=""loaded"" height=""315"" width=""458"" alt="""" src=""https://cdn.shopify.com/s/files/1/0610/3744/5313/files/pro_img.jpg?v=1645201773"" class=""alignnone size-full wp-image-12104 lazyloaded"" loading=""lazy""><noscript><img loading=""lazy"" class=""alignnone size-full wp-image-12104"" src=""https://cdn.shopify.com/s/files/1/0610/3744/5313/files/pro_img.jpg?v=1645201773"" alt="""" width=""458"" height=""315""></noscript>
</div>
<div class=""col-xl-7 col-lg-7 col-md-6 col-sm-12 col-12"">
<h2>BRAND</h2>
<p>Sending you Love Palentine. A nice alternative Valentines card to a lovely friend x

My cards are printed on a textured rough to the feel paper and the designs look matt. No shine here at all. The rough feel to this paper makes it very organic both to the touch and the eye. The coarse finish produces a pleasing finish that is highly tactile.We are the Perfect Match card.

My cards are printed on a textured rough paper and the designs look matt. No shine here at all. I think this makes the design look more authentic and hand finished.</p>
</div>
</div>
<br>
<div class=""row"">
<div class=""col-xl-4 col-lg-4 col-md-4 col-sm-12 col-12 mb-4"">
<h2>PRODUCT DETAILS</h2>
<ul>
<li>You show me what is deep as sea</li>
<li>Crew neck</li>
<li>Short sleeves</li>
<li>Large logo print to chest</li>
<li>Regular fit</li>
<li>True size</li>
</ul>
</div>
<div class=""col-xl-4 col-lg-4 col-md-4 col-sm-12 col-12 mb-4"">
<h2>SIZE &amp; FIT</h2>
<ul>
<li>Single folded greeting card, 105 x 148mm (A6)</li>
<li>Blank inside for your own personal message</li>
</ul>
</div>
<div class=""col-xl-4 col-lg-4 col-md-4 col-sm-12 col-12 mb-4"">
<h2>ABOUT ME</h2>
<ul>
<li>Soft, breathable jersey</li>
<li>Ships in a durable, bend-free envelope</li>
<li>Includes Kraft 100% recycled envelope and a plastic sleeve</li>
</ul>
</div>
</div>",Pokens,,,"$30 - $50, M, Pink, Red, XL",true,Size,M,Color,Red,,,Z2354-6,0.0,,20,deny,manual,3.00,4.00,true,true,"",https://cdn.shopify.com/s/files/1/0610/3744/5313/products/4.1.jpg?v=1644909532,1,,false,,,,,,,,,,,,,,,,https://cdn.shopify.com/s/files/1/0610/3744/5313/products/4.1.jpg?v=1644909532,kg,,,active
give-me-a-reason,,,,,,,,,M,,Pink,,,Z2354-7,0.0,,32,deny,manual,3.00,4.00,true,true,"",https://cdn.shopify.com/s/files/1/0610/3744/5313/products/4.2.jpg?v=1644909532,2,,,,,,,,,,,,,,,,,,https://cdn.shopify.com/s/files/1/0610/3744/5313/products/4.2.jpg?v=1644909532,kg,,,
give-me-a-reason,,,,,,,,,XL,,Red,,,Z2354-8,0.0,,27,deny,manual,6.00,8.00,true,true,"",https://cdn.shopify.com/s/files/1/0610/3744/5313/products/4.3.jpg?v=1644909533,3,,,,,,,,,,,,,,,,,,https://cdn.shopify.com/s/files/1/0610/3744/5313/products/4.1.jpg?v=1644909532,kg,,,
give-me-a-reason,,,,,,,,,XL,,Pink,,,Z2354-9,0.0,,31,deny,manual,6.00,8.00,true,true,"",https://cdn.shopify.com/s/files/1/0610/3744/5313/products/4.4.jpg?v=1644909533,4,,,,,,,,,,,,,,,,,,https://cdn.shopify.com/s/files/1/0610/3744/5313/products/4.2.jpg?v=1644909532,kg,,,
in-search-of-lost-time,Birthday - Blonde Hair,"<p>Relax! It's your Birthday is a card for a lovely lady that needs to relax on her birthday. My cards are printed on a textured rough paper and the designs look matt. No shine here at all. I think this makes the designs look more authentic and hand finished. The rough feel to this paper makes it very organic both to the touch and the eye. Details: - Single folded greeting card, 105 x 148mm (A6) - Blank inside for your own personal message - Printed on luxurious, thick (300gsm), textured FSC4 paper - Includes Kraft 100% recycled envelope and a plastic sleeve - Ships in a durable, bend-free envelope</p>
<br>
<div class=""row"">
<div class=""col-xl-5 col-lg-5 col-md-6 col-sm-12 col-12"">
<img data-ll-status=""loaded"" height=""315"" width=""458"" alt="""" src=""https://cdn.shopify.com/s/files/1/0610/3744/5313/files/pro_img.jpg?v=1645201773"" class=""alignnone size-full wp-image-12104 lazyloaded"" loading=""lazy""><noscript><img loading=""lazy"" class=""alignnone size-full wp-image-12104"" src=""https://cdn.shopify.com/s/files/1/0610/3744/5313/files/pro_img.jpg?v=1645201773"" alt="""" width=""458"" height=""315""></noscript>
</div>
<div class=""col-xl-7 col-lg-7 col-md-6 col-sm-12 col-12"">
<h2>BRAND</h2>
<p>Sending you Love Palentine. A nice alternative Valentines card to a lovely friend x

My cards are printed on a textured rough to the feel paper and the designs look matt. No shine here at all. The rough feel to this paper makes it very organic both to the touch and the eye. The coarse finish produces a pleasing finish that is highly tactile.We are the Perfect Match card.

My cards are printed on a textured rough paper and the designs look matt. No shine here at all. I think this makes the design look more authentic and hand finished.</p>
</div>
</div>
<br>
<div class=""row"">
<div class=""col-xl-4 col-lg-4 col-md-4 col-sm-12 col-12 mb-4"">
<h2>PRODUCT DETAILS</h2>
<ul>
<li>You show me what is deep as sea</li>
<li>Crew neck</li>
<li>Short sleeves</li>
<li>Large logo print to chest</li>
<li>Regular fit</li>
<li>True size</li>
</ul>
</div>
<div class=""col-xl-4 col-lg-4 col-md-4 col-sm-12 col-12 mb-4"">
<h2>SIZE &amp; FIT</h2>
<ul>
<li>Single folded greeting card, 105 x 148mm (A6)</li>
<li>Blank inside for your own personal message</li>
</ul>
</div>
<div class=""col-xl-4 col-lg-4 col-md-4 col-sm-12 col-12 mb-4"">
<h2>ABOUT ME</h2>
<ul>
<li>Soft, breathable jersey</li>
<li>Ships in a durable, bend-free envelope</li>
<li>Includes Kraft 100% recycled envelope and a plastic sleeve</li>
</ul>
</div>
</div>",Pokens,,,"$20 - $30, Blue, Green, L, M",true,Size,M,Color,Blue,,,Z3453-3,0.0,shopify,99,deny,manual,3.00,5.00,true,true,"",https://cdn.shopify.com/s/files/1/0610/3744/5313/products/5.1.jpg?v=1644909574,1,,false,,,,,,,,,,,,,,,,https://cdn.shopify.com/s/files/1/0610/3744/5313/products/5.1.jpg?v=1644909574,kg,,,active
in-search-of-lost-time,,,,,,,,,M,,Green,,,Z3453-4,0.0,shopify,99,deny,manual,3.00,5.00,true,true,"",https://cdn.shopify.com/s/files/1/0610/3744/5313/products/5.2.jpg?v=1644909575,2,,,,,,,,,,,,,,,,,,https://cdn.shopify.com/s/files/1/0610/3744/5313/products/5.2.jpg?v=1644909575,kg,,,
in-search-of-lost-time,,,,,,,,,L,,Blue,,,Z3453-5,0.0,shopify,99,deny,manual,3.00,5.00,true,true,"",https://cdn.shopify.com/s/files/1/0610/3744/5313/products/5.3.jpg?v=1644909575,3,,,,,,,,,,,,,,,,,,https://cdn.shopify.com/s/files/1/0610/3744/5313/products/5.1.jpg?v=1644909574,kg,,,
in-search-of-lost-time,,,,,,,,,L,,Green,,,Z3453-6,0.0,shopify,99,deny,manual,3.00,5.00,true,true,"",https://cdn.shopify.com/s/files/1/0610/3744/5313/products/5.4.jpg?v=1644909575,4,,,,,,,,,,,,,,,,,,https://cdn.shopify.com/s/files/1/0610/3744/5313/products/5.2.jpg?v=1644909575,kg,,,
journal-of-latinx-psychology,Let's Escape Card,"<p>Relax! It's your Birthday is a card for a lovely lady that needs to relax on her birthday. My cards are printed on a textured rough paper and the designs look matt. No shine here at all. I think this makes the designs look more authentic and hand finished. The rough feel to this paper makes it very organic both to the touch and the eye. Details: - Single folded greeting card, 105 x 148mm (A6) - Blank inside for your own personal message - Printed on luxurious, thick (300gsm), textured FSC4 paper - Includes Kraft 100% recycled envelope and a plastic sleeve - Ships in a durable, bend-free envelope</p>
<br>
<div class=""row"">
<div class=""col-xl-5 col-lg-5 col-md-6 col-sm-12 col-12"">
<img data-ll-status=""loaded"" height=""315"" width=""458"" alt="""" src=""https://cdn.shopify.com/s/files/1/0610/3744/5313/files/pro_img.jpg?v=1645201773"" class=""alignnone size-full wp-image-12104 lazyloaded"" loading=""lazy""><noscript><img loading=""lazy"" class=""alignnone size-full wp-image-12104"" src=""https://cdn.shopify.com/s/files/1/0610/3744/5313/files/pro_img.jpg?v=1645201773"" alt="""" width=""458"" height=""315""></noscript>
</div>
<div class=""col-xl-7 col-lg-7 col-md-6 col-sm-12 col-12"">
<h2>BRAND</h2>
<p>Sending you Love Palentine. A nice alternative Valentines card to a lovely friend x

My cards are printed on a textured rough to the feel paper and the designs look matt. No shine here at all. The rough feel to this paper makes it very organic both to the touch and the eye. The coarse finish produces a pleasing finish that is highly tactile.We are the Perfect Match card.

My cards are printed on a textured rough paper and the designs look matt. No shine here at all. I think this makes the design look more authentic and hand finished.</p>
</div>
</div>
<br>
<div class=""row"">
<div class=""col-xl-4 col-lg-4 col-md-4 col-sm-12 col-12 mb-4"">
<h2>PRODUCT DETAILS</h2>
<ul>
<li>You show me what is deep as sea</li>
<li>Crew neck</li>
<li>Short sleeves</li>
<li>Large logo print to chest</li>
<li>Regular fit</li>
<li>True size</li>
</ul>
</div>
<div class=""col-xl-4 col-lg-4 col-md-4 col-sm-12 col-12 mb-4"">
<h2>SIZE &amp; FIT</h2>
<ul>
<li>Single folded greeting card, 105 x 148mm (A6)</li>
<li>Blank inside for your own personal message</li>
</ul>
</div>
<div class=""col-xl-4 col-lg-4 col-md-4 col-sm-12 col-12 mb-4"">
<h2>ABOUT ME</h2>
<ul>
<li>Soft, breathable jersey</li>
<li>Ships in a durable, bend-free envelope</li>
<li>Includes Kraft 100% recycled envelope and a plastic sleeve</li>
</ul>
</div>
</div>",Pokens,,,"Grey, M, Nude, XL",true,Size,M,Color,Nude,,,Z3455-9,0.0,,10,deny,manual,2.00,3.00,true,true,"",https://cdn.shopify.com/s/files/1/0610/3744/5313/products/6.1.jpg?v=1644909606,1,,false,,,,,,,,,,,,,,,,https://cdn.shopify.com/s/files/1/0610/3744/5313/products/6.1.jpg?v=1644909606,kg,,,active
journal-of-latinx-psychology,,,,,,,,,M,,Grey,,,Z3455-10,0.0,,0,deny,manual,2.00,3.00,true,true,"",https://cdn.shopify.com/s/files/1/0610/3744/5313/products/6.2.jpg?v=1644909606,2,,,,,,,,,,,,,,,,,,https://cdn.shopify.com/s/files/1/0610/3744/5313/products/6.2.jpg?v=1644909606,kg,,,
journal-of-latinx-psychology,,,,,,,,,XL,,Nude,,,Z3455-11,0.0,,20,deny,manual,5.00,7.00,true,true,"",https://cdn.shopify.com/s/files/1/0610/3744/5313/products/6.3.jpg?v=1644909607,3,,,,,,,,,,,,,,,,,,https://cdn.shopify.com/s/files/1/0610/3744/5313/products/6.1.jpg?v=1644909606,kg,,,
journal-of-latinx-psychology,,,,,,,,,XL,,Grey,,,Z3455-12,0.0,,20,deny,manual,5.00,7.00,true,true,"",https://cdn.shopify.com/s/files/1/0610/3744/5313/products/6.4.jpg?v=1644909607,4,,,,,,,,,,,,,,,,,,https://cdn.shopify.com/s/files/1/0610/3744/5313/products/6.2.jpg?v=1644909606,kg,,,
nothing-gonna-change,Love - Flowers,"<p>Relax! It's your Birthday is a card for a lovely lady that needs to relax on her birthday. My cards are printed on a textured rough paper and the designs look matt. No shine here at all. I think this makes the designs look more authentic and hand finished. The rough feel to this paper makes it very organic both to the touch and the eye. Details: - Single folded greeting card, 105 x 148mm (A6) - Blank inside for your own personal message - Printed on luxurious, thick (300gsm), textured FSC4 paper - Includes Kraft 100% recycled envelope and a plastic sleeve - Ships in a durable, bend-free envelope</p>
<br>
<div class=""row"">
<div class=""col-xl-5 col-lg-5 col-md-6 col-sm-12 col-12"">
<img data-ll-status=""loaded"" height=""315"" width=""458"" alt="""" src=""https://cdn.shopify.com/s/files/1/0610/3744/5313/files/pro_img.jpg?v=1645201773"" class=""alignnone size-full wp-image-12104 lazyloaded"" loading=""lazy""><noscript><img loading=""lazy"" class=""alignnone size-full wp-image-12104"" src=""https://cdn.shopify.com/s/files/1/0610/3744/5313/files/pro_img.jpg?v=1645201773"" alt="""" width=""458"" height=""315""></noscript>
</div>
<div class=""col-xl-7 col-lg-7 col-md-6 col-sm-12 col-12"">
<h2>BRAND</h2>
<p>Sending you Love Palentine. A nice alternative Valentines card to a lovely friend x

My cards are printed on a textured rough to the feel paper and the designs look matt. No shine here at all. The rough feel to this paper makes it very organic both to the touch and the eye. The coarse finish produces a pleasing finish that is highly tactile.We are the Perfect Match card.

My cards are printed on a textured rough paper and the designs look matt. No shine here at all. I think this makes the design look more authentic and hand finished.</p>
</div>
</div>
<br>
<div class=""row"">
<div class=""col-xl-4 col-lg-4 col-md-4 col-sm-12 col-12 mb-4"">
<h2>PRODUCT DETAILS</h2>
<ul>
<li>You show me what is deep as sea</li>
<li>Crew neck</li>
<li>Short sleeves</li>
<li>Large logo print to chest</li>
<li>Regular fit</li>
<li>True size</li>
</ul>
</div>
<div class=""col-xl-4 col-lg-4 col-md-4 col-sm-12 col-12 mb-4"">
<h2>SIZE &amp; FIT</h2>
<ul>
<li>Single folded greeting card, 105 x 148mm (A6)</li>
<li>Blank inside for your own personal message</li>
</ul>
</div>
<div class=""col-xl-4 col-lg-4 col-md-4 col-sm-12 col-12 mb-4"">
<h2>ABOUT ME</h2>
<ul>
<li>Soft, breathable jersey</li>
<li>Ships in a durable, bend-free envelope</li>
<li>Includes Kraft 100% recycled envelope and a plastic sleeve</li>
</ul>
</div>
</div>",Pokens,,,"$30 - $50, M, S",true,Size,S,,,,,"",0.0,,0,deny,manual,3.00,,true,true,"",https://cdn.shopify.com/s/files/1/0610/3744/5313/products/7.1.jpg?v=1644909634,1,,false,,,,,,,,,,,,,,,,https://cdn.shopify.com/s/files/1/0610/3744/5313/products/7.1.jpg?v=1644909634,kg,,,active
nothing-gonna-change,,,,,,,,,M,,,,,"",0.0,,0,deny,manual,3.00,,true,true,"",https://cdn.shopify.com/s/files/1/0610/3744/5313/products/7.2.jpg?v=1644909635,2,,,,,,,,,,,,,,,,,,https://cdn.shopify.com/s/files/1/0610/3744/5313/products/7.1.jpg?v=1644909634,kg,,,
nothing-gonna-change,,,,,,,,,,,,,,,,,,,,,,,,,https://cdn.shopify.com/s/files/1/0610/3744/5313/products/7.3.jpg?v=1644909635,3,,,,,,,,,,,,,,,,,,,,,,
nothing-gonna-change,,,,,,,,,,,,,,,,,,,,,,,,,https://cdn.shopify.com/s/files/1/0610/3744/5313/products/7.4.jpg?v=1644909635,4,,,,,,,,,,,,,,,,,,,,,,
shape-of-my-heart,Self Love Club,"<p>Relax! It's your Birthday is a card for a lovely lady that needs to relax on her birthday. My cards are printed on a textured rough paper and the designs look matt. No shine here at all. I think this makes the designs look more authentic and hand finished. The rough feel to this paper makes it very organic both to the touch and the eye. Details: - Single folded greeting card, 105 x 148mm (A6) - Blank inside for your own personal message - Printed on luxurious, thick (300gsm), textured FSC4 paper - Includes Kraft 100% recycled envelope and a plastic sleeve - Ships in a durable, bend-free envelope</p>
<br>
<div class=""row"">
<div class=""col-xl-5 col-lg-5 col-md-6 col-sm-12 col-12"">
<img data-ll-status=""loaded"" height=""315"" width=""458"" alt="""" src=""https://cdn.shopify.com/s/files/1/0610/3744/5313/files/pro_img.jpg?v=1645201773"" class=""alignnone size-full wp-image-12104 lazyloaded"" loading=""lazy""><noscript><img loading=""lazy"" class=""alignnone size-full wp-image-12104"" src=""https://cdn.shopify.com/s/files/1/0610/3744/5313/files/pro_img.jpg?v=1645201773"" alt="""" width=""458"" height=""315""></noscript>
</div>
<div class=""col-xl-7 col-lg-7 col-md-6 col-sm-12 col-12"">
<h2>BRAND</h2>
<p>Sending you Love Palentine. A nice alternative Valentines card to a lovely friend x

My cards are printed on a textured rough to the feel paper and the designs look matt. No shine here at all. The rough feel to this paper makes it very organic both to the touch and the eye. The coarse finish produces a pleasing finish that is highly tactile.We are the Perfect Match card.

My cards are printed on a textured rough paper and the designs look matt. No shine here at all. I think this makes the design look more authentic and hand finished.</p>
</div>
</div>
<br>
<div class=""row"">
<div class=""col-xl-4 col-lg-4 col-md-4 col-sm-12 col-12 mb-4"">
<h2>PRODUCT DETAILS</h2>
<ul>
<li>You show me what is deep as sea</li>
<li>Crew neck</li>
<li>Short sleeves</li>
<li>Large logo print to chest</li>
<li>Regular fit</li>
<li>True size</li>
</ul>
</div>
<div class=""col-xl-4 col-lg-4 col-md-4 col-sm-12 col-12 mb-4"">
<h2>SIZE &amp; FIT</h2>
<ul>
<li>Single folded greeting card, 105 x 148mm (A6)</li>
<li>Blank inside for your own personal message</li>
</ul>
</div>
<div class=""col-xl-4 col-lg-4 col-md-4 col-sm-12 col-12 mb-4"">
<h2>ABOUT ME</h2>
<ul>
<li>Soft, breathable jersey</li>
<li>Ships in a durable, bend-free envelope</li>
<li>Includes Kraft 100% recycled envelope and a plastic sleeve</li>
</ul>
</div>
</div>",Pokens,,,"$20 - $30, Brown, Yellow",true,Color,Yellow,,,,,Z2354-1,0.0,,14,deny,manual,4.00,5.00,true,true,"",https://cdn.shopify.com/s/files/1/0610/3744/5313/products/8.1.jpg?v=1644909658,1,,false,,,,,,,,,,,,,,,,https://cdn.shopify.com/s/files/1/0610/3744/5313/products/8.1.jpg?v=1644909658,kg,,,active
shape-of-my-heart,,,,,,,,,Brown,,,,,Z2354-2,0.0,,23,deny,manual,4.00,5.00,true,true,"",https://cdn.shopify.com/s/files/1/0610/3744/5313/products/8.2.jpg?v=1644909658,2,,,,,,,,,,,,,,,,,,https://cdn.shopify.com/s/files/1/0610/3744/5313/products/8.1.jpg?v=1644909658,kg,,,
shape-of-my-heart,,,,,,,,,,,,,,,,,,,,,,,,,https://cdn.shopify.com/s/files/1/0610/3744/5313/products/8.3.jpg?v=1644909658,3,,,,,,,,,,,,,,,,,,,,,,
shape-of-my-heart,,,,,,,,,,,,,,,,,,,,,,,,,https://cdn.shopify.com/s/files/1/0610/3744/5313/products/8.4.jpg?v=1644909658,4,,,,,,,,,,,,,,,,,,,,,,
the-catcher-in-the-rye,Miss you soo much,"<p>Relax! It's your Birthday is a card for a lovely lady that needs to relax on her birthday. My cards are printed on a textured rough paper and the designs look matt. No shine here at all. I think this makes the designs look more authentic and hand finished. The rough feel to this paper makes it very organic both to the touch and the eye. Details: - Single folded greeting card, 105 x 148mm (A6) - Blank inside for your own personal message - Printed on luxurious, thick (300gsm), textured FSC4 paper - Includes Kraft 100% recycled envelope and a plastic sleeve - Ships in a durable, bend-free envelope</p>
<br>
<div class=""row"">
<div class=""col-xl-5 col-lg-5 col-md-6 col-sm-12 col-12"">
<img data-ll-status=""loaded"" height=""315"" width=""458"" alt="""" src=""https://cdn.shopify.com/s/files/1/0610/3744/5313/files/pro_img.jpg?v=1645201773"" class=""alignnone size-full wp-image-12104 lazyloaded"" loading=""lazy""><noscript><img loading=""lazy"" class=""alignnone size-full wp-image-12104"" src=""https://cdn.shopify.com/s/files/1/0610/3744/5313/files/pro_img.jpg?v=1645201773"" alt="""" width=""458"" height=""315""></noscript>
</div>
<div class=""col-xl-7 col-lg-7 col-md-6 col-sm-12 col-12"">
<h2>BRAND</h2>
<p>Sending you Love Palentine. A nice alternative Valentines card to a lovely friend x

My cards are printed on a textured rough to the feel paper and the designs look matt. No shine here at all. The rough feel to this paper makes it very organic both to the touch and the eye. The coarse finish produces a pleasing finish that is highly tactile.We are the Perfect Match card.

My cards are printed on a textured rough paper and the designs look matt. No shine here at all. I think this makes the design look more authentic and hand finished.</p>
</div>
</div>
<br>
<div class=""row"">
<div class=""col-xl-4 col-lg-4 col-md-4 col-sm-12 col-12 mb-4"">
<h2>PRODUCT DETAILS</h2>
<ul>
<li>You show me what is deep as sea</li>
<li>Crew neck</li>
<li>Short sleeves</li>
<li>Large logo print to chest</li>
<li>Regular fit</li>
<li>True size</li>
</ul>
</div>
<div class=""col-xl-4 col-lg-4 col-md-4 col-sm-12 col-12 mb-4"">
<h2>SIZE &amp; FIT</h2>
<ul>
<li>Single folded greeting card, 105 x 148mm (A6)</li>
<li>Blank inside for your own personal message</li>
</ul>
</div>
<div class=""col-xl-4 col-lg-4 col-md-4 col-sm-12 col-12 mb-4"">
<h2>ABOUT ME</h2>
<ul>
<li>Soft, breathable jersey</li>
<li>Ships in a durable, bend-free envelope</li>
<li>Includes Kraft 100% recycled envelope and a plastic sleeve</li>
</ul>
</div>
</div>",Pokens,,,"$30 - $50, Brown, Grey",true,Size,XL,Color,Brown,,,Z3488,0.0,,99,deny,manual,5.00,,true,true,"",https://cdn.shopify.com/s/files/1/0610/3744/5313/products/9.1.jpg?v=1644909682,1,,false,,,,,,,,,,,,,,,,https://cdn.shopify.com/s/files/1/0610/3744/5313/products/9.1.jpg?v=1644909682,kg,,,active
the-catcher-in-the-rye,,,,,,,,,XL,,Grey,,,Z3489,0.0,,99,deny,manual,5.00,,true,true,"",https://cdn.shopify.com/s/files/1/0610/3744/5313/products/9.2.jpg?v=1644909682,2,,,,,,,,,,,,,,,,,,https://cdn.shopify.com/s/files/1/0610/3744/5313/products/9.2.jpg?v=1644909682,kg,,,
the-catcher-in-the-rye,,,,,,,,,,,,,,,,,,,,,,,,,https://cdn.shopify.com/s/files/1/0610/3744/5313/products/9.3.jpg?v=1644909682,3,,,,,,,,,,,,,,,,,,,,,,
the-catcher-in-the-rye,,,,,,,,,,,,,,,,,,,,,,,,,https://cdn.shopify.com/s/files/1/0610/3744/5313/products/9.4.jpg?v=1644909683,4,,,,,,,,,,,,,,,,,,,,,,
the-little-prince,LOVE is Love Card,"<p>Relax! It's your Birthday is a card for a lovely lady that needs to relax on her birthday. My cards are printed on a textured rough paper and the designs look matt. No shine here at all. I think this makes the designs look more authentic and hand finished. The rough feel to this paper makes it very organic both to the touch and the eye. Details: - Single folded greeting card, 105 x 148mm (A6) - Blank inside for your own personal message - Printed on luxurious, thick (300gsm), textured FSC4 paper - Includes Kraft 100% recycled envelope and a plastic sleeve - Ships in a durable, bend-free envelope</p>
<br>
<div class=""row"">
<div class=""col-xl-5 col-lg-5 col-md-6 col-sm-12 col-12"">
<img data-ll-status=""loaded"" height=""315"" width=""458"" alt="""" src=""https://cdn.shopify.com/s/files/1/0610/3744/5313/files/pro_img.jpg?v=1645201773"" class=""alignnone size-full wp-image-12104 lazyloaded"" loading=""lazy""><noscript><img loading=""lazy"" class=""alignnone size-full wp-image-12104"" src=""https://cdn.shopify.com/s/files/1/0610/3744/5313/files/pro_img.jpg?v=1645201773"" alt="""" width=""458"" height=""315""></noscript>
</div>
<div class=""col-xl-7 col-lg-7 col-md-6 col-sm-12 col-12"">
<h2>BRAND</h2>
<p>Sending you Love Palentine. A nice alternative Valentines card to a lovely friend x

My cards are printed on a textured rough to the feel paper and the designs look matt. No shine here at all. The rough feel to this paper makes it very organic both to the touch and the eye. The coarse finish produces a pleasing finish that is highly tactile.We are the Perfect Match card.

My cards are printed on a textured rough paper and the designs look matt. No shine here at all. I think this makes the design look more authentic and hand finished.</p>
</div>
</div>
<br>
<div class=""row"">
<div class=""col-xl-4 col-lg-4 col-md-4 col-sm-12 col-12 mb-4"">
<h2>PRODUCT DETAILS</h2>
<ul>
<li>You show me what is deep as sea</li>
<li>Crew neck</li>
<li>Short sleeves</li>
<li>Large logo print to chest</li>
<li>Regular fit</li>
<li>True size</li>
</ul>
</div>
<div class=""col-xl-4 col-lg-4 col-md-4 col-sm-12 col-12 mb-4"">
<h2>SIZE &amp; FIT</h2>
<ul>
<li>Single folded greeting card, 105 x 148mm (A6)</li>
<li>Blank inside for your own personal message</li>
</ul>
</div>
<div class=""col-xl-4 col-lg-4 col-md-4 col-sm-12 col-12 mb-4"">
<h2>ABOUT ME</h2>
<ul>
<li>Soft, breathable jersey</li>
<li>Ships in a durable, bend-free envelope</li>
<li>Includes Kraft 100% recycled envelope and a plastic sleeve</li>
</ul>
</div>
</div>",Pokens,,,"$100 - $200, Black, Green, L, XL",true,Size,L,Color,Black,,,"",0.0,shopify,100,deny,manual,6.00,,true,true,"",https://cdn.shopify.com/s/files/1/0610/3744/5313/products/10.1.jpg?v=1644909706,1,,false,,,,,,,,,,,,,,,,https://cdn.shopify.com/s/files/1/0610/3744/5313/products/10.1.jpg?v=1644909706,kg,,,active
the-little-prince,,,,,,,,,L,,Green,,,"",0.0,shopify,0,deny,manual,6.00,,true,true,"",https://cdn.shopify.com/s/files/1/0610/3744/5313/products/10.2.jpg?v=1644909706,2,,,,,,,,,,,,,,,,,,https://cdn.shopify.com/s/files/1/0610/3744/5313/products/10.2.jpg?v=1644909706,kg,,,
the-little-prince,,,,,,,,,XL,,Black,,,"",0.0,shopify,100,deny,manual,6.00,,true,true,"",https://cdn.shopify.com/s/files/1/0610/3744/5313/products/10.3.jpg?v=1644909706,3,,,,,,,,,,,,,,,,,,https://cdn.shopify.com/s/files/1/0610/3744/5313/products/10.1.jpg?v=1644909706,kg,,,
the-little-prince,,,,,,,,,XL,,Green,,,"",0.0,shopify,0,deny,manual,4.00,,true,true,"",https://cdn.shopify.com/s/files/1/0610/3744/5313/products/10.4.jpg?v=1644909707,4,,,,,,,,,,,,,,,,,,https://cdn.shopify.com/s/files/1/0610/3744/5313/products/10.2.jpg?v=1644909706,kg,,,
the-way-you-are,Lovely Gal Pal,"<p>Relax! It's your Birthday is a card for a lovely lady that needs to relax on her birthday. My cards are printed on a textured rough paper and the designs look matt. No shine here at all. I think this makes the designs look more authentic and hand finished. The rough feel to this paper makes it very organic both to the touch and the eye. Details: - Single folded greeting card, 105 x 148mm (A6) - Blank inside for your own personal message - Printed on luxurious, thick (300gsm), textured FSC4 paper - Includes Kraft 100% recycled envelope and a plastic sleeve - Ships in a durable, bend-free envelope</p>
<br>
<div class=""row"">
<div class=""col-xl-5 col-lg-5 col-md-6 col-sm-12 col-12"">
<img data-ll-status=""loaded"" height=""315"" width=""458"" alt="""" src=""https://cdn.shopify.com/s/files/1/0610/3744/5313/files/pro_img.jpg?v=1645201773"" class=""alignnone size-full wp-image-12104 lazyloaded"" loading=""lazy""><noscript><img loading=""lazy"" class=""alignnone size-full wp-image-12104"" src=""https://cdn.shopify.com/s/files/1/0610/3744/5313/files/pro_img.jpg?v=1645201773"" alt="""" width=""458"" height=""315""></noscript>
</div>
<div class=""col-xl-7 col-lg-7 col-md-6 col-sm-12 col-12"">
<h2>BRAND</h2>
<p>Sending you Love Palentine. A nice alternative Valentines card to a lovely friend x

My cards are printed on a textured rough to the feel paper and the designs look matt. No shine here at all. The rough feel to this paper makes it very organic both to the touch and the eye. The coarse finish produces a pleasing finish that is highly tactile.We are the Perfect Match card.

My cards are printed on a textured rough paper and the designs look matt. No shine here at all. I think this makes the design look more authentic and hand finished.</p>
</div>
</div>
<br>
<div class=""row"">
<div class=""col-xl-4 col-lg-4 col-md-4 col-sm-12 col-12 mb-4"">
<h2>PRODUCT DETAILS</h2>
<ul>
<li>You show me what is deep as sea</li>
<li>Crew neck</li>
<li>Short sleeves</li>
<li>Large logo print to chest</li>
<li>Regular fit</li>
<li>True size</li>
</ul>
</div>
<div class=""col-xl-4 col-lg-4 col-md-4 col-sm-12 col-12 mb-4"">
<h2>SIZE &amp; FIT</h2>
<ul>
<li>Single folded greeting card, 105 x 148mm (A6)</li>
<li>Blank inside for your own personal message</li>
</ul>
</div>
<div class=""col-xl-4 col-lg-4 col-md-4 col-sm-12 col-12 mb-4"">
<h2>ABOUT ME</h2>
<ul>
<li>Soft, breathable jersey</li>
<li>Ships in a durable, bend-free envelope</li>
<li>Includes Kraft 100% recycled envelope and a plastic sleeve</li>
</ul>
</div>
</div>",Pokens,,,$50 - $100,true,Title,Default Title,,,,,Z5952-3,0.0,,0,deny,manual,3.00,5.00,true,true,"",https://cdn.shopify.com/s/files/1/0610/3744/5313/products/11.1.jpg?v=1644909738,1,,false,,,,,,,,,,,,,,,,,kg,,,active
the-way-you-are,,,,,,,,,,,,,,,,,,,,,,,,,https://cdn.shopify.com/s/files/1/0610/3744/5313/products/11.2.jpg?v=1644909738,2,,,,,,,,,,,,,,,,,,,,,,
the-way-you-are,,,,,,,,,,,,,,,,,,,,,,,,,https://cdn.shopify.com/s/files/1/0610/3744/5313/products/11.3.jpg?v=1644909738,3,,,,,,,,,,,,,,,,,,,,,,
the-way-you-are,,,,,,,,,,,,,,,,,,,,,,,,,https://cdn.shopify.com/s/files/1/0610/3744/5313/products/11.4.jpg?v=1644909738,4,,,,,,,,,,,,,,,,,,,,,,
top-of-the-world,Birthday - Black Hair,"<p>Relax! It's your Birthday is a card for a lovely lady that needs to relax on her birthday. My cards are printed on a textured rough paper and the designs look matt. No shine here at all. I think this makes the designs look more authentic and hand finished. The rough feel to this paper makes it very organic both to the touch and the eye. Details: - Single folded greeting card, 105 x 148mm (A6) - Blank inside for your own personal message - Printed on luxurious, thick (300gsm), textured FSC4 paper - Includes Kraft 100% recycled envelope and a plastic sleeve - Ships in a durable, bend-free envelope</p>
<br>
<div class=""row"">
<div class=""col-xl-5 col-lg-5 col-md-6 col-sm-12 col-12"">
<img data-ll-status=""loaded"" height=""315"" width=""458"" alt="""" src=""https://cdn.shopify.com/s/files/1/0610/3744/5313/files/pro_img.jpg?v=1645201773"" class=""alignnone size-full wp-image-12104 lazyloaded"" loading=""lazy""><noscript><img loading=""lazy"" class=""alignnone size-full wp-image-12104"" src=""https://cdn.shopify.com/s/files/1/0610/3744/5313/files/pro_img.jpg?v=1645201773"" alt="""" width=""458"" height=""315""></noscript>
</div>
<div class=""col-xl-7 col-lg-7 col-md-6 col-sm-12 col-12"">
<h2>BRAND</h2>
<p>Sending you Love Palentine. A nice alternative Valentines card to a lovely friend x

My cards are printed on a textured rough to the feel paper and the designs look matt. No shine here at all. The rough feel to this paper makes it very organic both to the touch and the eye. The coarse finish produces a pleasing finish that is highly tactile.We are the Perfect Match card.

My cards are printed on a textured rough paper and the designs look matt. No shine here at all. I think this makes the design look more authentic and hand finished.</p>
</div>
</div>
<br>
<div class=""row"">
<div class=""col-xl-4 col-lg-4 col-md-4 col-sm-12 col-12 mb-4"">
<h2>PRODUCT DETAILS</h2>
<ul>
<li>You show me what is deep as sea</li>
<li>Crew neck</li>
<li>Short sleeves</li>
<li>Large logo print to chest</li>
<li>Regular fit</li>
<li>True size</li>
</ul>
</div>
<div class=""col-xl-4 col-lg-4 col-md-4 col-sm-12 col-12 mb-4"">
<h2>SIZE &amp; FIT</h2>
<ul>
<li>Single folded greeting card, 105 x 148mm (A6)</li>
<li>Blank inside for your own personal message</li>
</ul>
</div>
<div class=""col-xl-4 col-lg-4 col-md-4 col-sm-12 col-12 mb-4"">
<h2>ABOUT ME</h2>
<ul>
<li>Soft, breathable jersey</li>
<li>Ships in a durable, bend-free envelope</li>
<li>Includes Kraft 100% recycled envelope and a plastic sleeve</li>
</ul>
</div>
</div>",Pokens,,,"$200 - $300, Black, L, M",true,Size,M,Color,Black,,,Z102-2,0.0,shopify,17,deny,manual,3.00,,true,true,"",https://cdn.shopify.com/s/files/1/0610/3744/5313/products/12.1.jpg?v=1644909758,1,,false,,,,,,,,,,,,,,,,https://cdn.shopify.com/s/files/1/0610/3744/5313/products/12.1.jpg?v=1644909758,kg,,,active
top-of-the-world,,,,,,,,,L,,Black,,,Z102-3,0.0,shopify,39,deny,manual,3.00,,true,true,"",https://cdn.shopify.com/s/files/1/0610/3744/5313/products/12.2.jpg?v=1644909759,2,,,,,,,,,,,,,,,,,,https://cdn.shopify.com/s/files/1/0610/3744/5313/products/12.1.jpg?v=1644909758,kg,,,
top-of-the-world,,,,,,,,,,,,,,,,,,,,,,,,,https://cdn.shopify.com/s/files/1/0610/3744/5313/products/12.3.jpg?v=1644909759,3,,,,,,,,,,,,,,,,,,,,,,
top-of-the-world,,,,,,,,,,,,,,,,,,,,,,,,,https://cdn.shopify.com/s/files/1/0610/3744/5313/products/12.4.jpg?v=1644909759,4,,,,,,,,,,,,,,,,,,,,,,
treat-you-better,LOVE Card,"<p>Relax! It's your Birthday is a card for a lovely lady that needs to relax on her birthday. My cards are printed on a textured rough paper and the designs look matt. No shine here at all. I think this makes the designs look more authentic and hand finished. The rough feel to this paper makes it very organic both to the touch and the eye. Details: - Single folded greeting card, 105 x 148mm (A6) - Blank inside for your own personal message - Printed on luxurious, thick (300gsm), textured FSC4 paper - Includes Kraft 100% recycled envelope and a plastic sleeve - Ships in a durable, bend-free envelope</p>
<br>
<div class=""row"">
<div class=""col-xl-5 col-lg-5 col-md-6 col-sm-12 col-12"">
<img data-ll-status=""loaded"" height=""315"" width=""458"" alt="""" src=""https://cdn.shopify.com/s/files/1/0610/3744/5313/files/pro_img.jpg?v=1645201773"" class=""alignnone size-full wp-image-12104 lazyloaded"" loading=""lazy""><noscript><img loading=""lazy"" class=""alignnone size-full wp-image-12104"" src=""https://cdn.shopify.com/s/files/1/0610/3744/5313/files/pro_img.jpg?v=1645201773"" alt="""" width=""458"" height=""315""></noscript>
</div>
<div class=""col-xl-7 col-lg-7 col-md-6 col-sm-12 col-12"">
<h2>BRAND</h2>
<p>Sending you Love Palentine. A nice alternative Valentines card to a lovely friend x

My cards are printed on a textured rough to the feel paper and the designs look matt. No shine here at all. The rough feel to this paper makes it very organic both to the touch and the eye. The coarse finish produces a pleasing finish that is highly tactile.We are the Perfect Match card.

My cards are printed on a textured rough paper and the designs look matt. No shine here at all. I think this makes the design look more authentic and hand finished.</p>
</div>
</div>
<br>
<div class=""row"">
<div class=""col-xl-4 col-lg-4 col-md-4 col-sm-12 col-12 mb-4"">
<h2>PRODUCT DETAILS</h2>
<ul>
<li>You show me what is deep as sea</li>
<li>Crew neck</li>
<li>Short sleeves</li>
<li>Large logo print to chest</li>
<li>Regular fit</li>
<li>True size</li>
</ul>
</div>
<div class=""col-xl-4 col-lg-4 col-md-4 col-sm-12 col-12 mb-4"">
<h2>SIZE &amp; FIT</h2>
<ul>
<li>Single folded greeting card, 105 x 148mm (A6)</li>
<li>Blank inside for your own personal message</li>
</ul>
</div>
<div class=""col-xl-4 col-lg-4 col-md-4 col-sm-12 col-12 mb-4"">
<h2>ABOUT ME</h2>
<ul>
<li>Soft, breathable jersey</li>
<li>Ships in a durable, bend-free envelope</li>
<li>Includes Kraft 100% recycled envelope and a plastic sleeve</li>
</ul>
</div>
</div>",Pokens,,,"$30 - $50, L, M, XL",true,Size,M,,,,,Z1909-9,0.0,,17,deny,manual,3.00,,true,true,"",https://cdn.shopify.com/s/files/1/0610/3744/5313/products/13.1.jpg?v=1644909785,1,,false,,,,,,,,,,,,,,,,https://cdn.shopify.com/s/files/1/0610/3744/5313/products/13.1.jpg?v=1644909785,kg,,,active
treat-you-better,,,,,,,,,L,,,,,Z1909-10,0.0,,24,deny,manual,5.00,,true,true,"",https://cdn.shopify.com/s/files/1/0610/3744/5313/products/13.2.jpg?v=1644909786,2,,,,,,,,,,,,,,,,,,https://cdn.shopify.com/s/files/1/0610/3744/5313/products/13.1.jpg?v=1644909785,kg,,,
treat-you-better,,,,,,,,,XL,,,,,Z1909-11,0.0,,24,deny,manual,3.00,,true,true,"",https://cdn.shopify.com/s/files/1/0610/3744/5313/products/13.3.jpg?v=1644909786,3,,,,,,,,,,,,,,,,,,https://cdn.shopify.com/s/files/1/0610/3744/5313/products/13.1.jpg?v=1644909785,kg,,,
treat-you-better,,,,,,,,,,,,,,,,,,,,,,,,,https://cdn.shopify.com/s/files/1/0610/3744/5313/products/13.4.jpg?v=1644909786,4,,,,,,,,,,,,,,,,,,,,,,
until-the-time-is-through,Christmas Cards,"<p>Relax! It's your Birthday is a card for a lovely lady that needs to relax on her birthday. My cards are printed on a textured rough paper and the designs look matt. No shine here at all. I think this makes the designs look more authentic and hand finished. The rough feel to this paper makes it very organic both to the touch and the eye. Details: - Single folded greeting card, 105 x 148mm (A6) - Blank inside for your own personal message - Printed on luxurious, thick (300gsm), textured FSC4 paper - Includes Kraft 100% recycled envelope and a plastic sleeve - Ships in a durable, bend-free envelope</p>
<br>
<div class=""row"">
<div class=""col-xl-5 col-lg-5 col-md-6 col-sm-12 col-12"">
<img data-ll-status=""loaded"" height=""315"" width=""458"" alt="""" src=""https://cdn.shopify.com/s/files/1/0610/3744/5313/files/pro_img.jpg?v=1645201773"" class=""alignnone size-full wp-image-12104 lazyloaded"" loading=""lazy""><noscript><img loading=""lazy"" class=""alignnone size-full wp-image-12104"" src=""https://cdn.shopify.com/s/files/1/0610/3744/5313/files/pro_img.jpg?v=1645201773"" alt="""" width=""458"" height=""315""></noscript>
</div>
<div class=""col-xl-7 col-lg-7 col-md-6 col-sm-12 col-12"">
<h2>BRAND</h2>
<p>Sending you Love Palentine. A nice alternative Valentines card to a lovely friend x

My cards are printed on a textured rough to the feel paper and the designs look matt. No shine here at all. The rough feel to this paper makes it very organic both to the touch and the eye. The coarse finish produces a pleasing finish that is highly tactile.We are the Perfect Match card.

My cards are printed on a textured rough paper and the designs look matt. No shine here at all. I think this makes the design look more authentic and hand finished.</p>
</div>
</div>
<br>
<div class=""row"">
<div class=""col-xl-4 col-lg-4 col-md-4 col-sm-12 col-12 mb-4"">
<h2>PRODUCT DETAILS</h2>
<ul>
<li>You show me what is deep as sea</li>
<li>Crew neck</li>
<li>Short sleeves</li>
<li>Large logo print to chest</li>
<li>Regular fit</li>
<li>True size</li>
</ul>
</div>
<div class=""col-xl-4 col-lg-4 col-md-4 col-sm-12 col-12 mb-4"">
<h2>SIZE &amp; FIT</h2>
<ul>
<li>Single folded greeting card, 105 x 148mm (A6)</li>
<li>Blank inside for your own personal message</li>
</ul>
</div>
<div class=""col-xl-4 col-lg-4 col-md-4 col-sm-12 col-12 mb-4"">
<h2>ABOUT ME</h2>
<ul>
<li>Soft, breathable jersey</li>
<li>Ships in a durable, bend-free envelope</li>
<li>Includes Kraft 100% recycled envelope and a plastic sleeve</li>
</ul>
</div>
</div>",Pokens,,,"$50 - $100, M, S",true,Size,S,,,,,"",0.0,,22,deny,manual,3.00,5.00,true,true,"",https://cdn.shopify.com/s/files/1/0610/3744/5313/products/14.1.jpg?v=1644909871,1,,false,,,,,,,,,,,,,,,,https://cdn.shopify.com/s/files/1/0610/3744/5313/products/14.1.jpg?v=1644909871,kg,,,active
until-the-time-is-through,,,,,,,,,M,,,,,"",0.0,,29,deny,manual,3.00,5.00,true,true,"",https://cdn.shopify.com/s/files/1/0610/3744/5313/products/14.2.jpg?v=1644909871,2,,,,,,,,,,,,,,,,,,https://cdn.shopify.com/s/files/1/0610/3744/5313/products/14.1.jpg?v=1644909871,kg,,,
until-the-time-is-through,,,,,,,,,,,,,,,,,,,,,,,,,https://cdn.shopify.com/s/files/1/0610/3744/5313/products/14.3.jpg?v=1644909871,3,,,,,,,,,,,,,,,,,,,,,,
until-the-time-is-through,,,,,,,,,,,,,,,,,,,,,,,,,https://cdn.shopify.com/s/files/1/0610/3744/5313/products/14.4.jpg?v=1644909872,4,,,,,,,,,,,,,,,,,,,,,,
